Subject,Session,index,Trial,SOA,Answer
1,1,1663,2,-2000,0
1,1,5763,7,-2000,0
1,1,23232,28,-2000,1
1,1,35642,43,-2000,1
1,2,19080,23,-2000,1
1,2,19909,24,-2000,0
1,2,23192,28,-2000,1
1,2,28909,35,-2000,0
1,3,12932,16,-2000,0
1,3,16169,20,-2000,0
1,3,25182,31,-2000,1
1,3,33293,41,-2000,0
1,4,1626,2,-2000,0
1,4,3277,4,-2000,0
1,4,4881,6,-2000,0
1,4,35782,44,-2000,0
1,5,19106,23,-2000,0
1,5,25206,30,-2000,0
1,5,29357,35,-2000,0
1,5,30979,37,-2000,0
2,1,4912,6,-2000,0
2,1,8154,10,-2000,0
2,1,15889,18,-2000,0
2,1,24181,28,-2000,0
2,2,1642,2,-2000,0
2,2,14043,17,-2000,0
2,2,21462,26,-2000,0
2,2,24977,30,-2000,0
2,3,23990,29,-2000,0
2,3,25619,31,-2000,0
2,3,31354,38,-2000,0
2,3,35484,43,-2000,0
2,4,3336,4,-2000,0
2,4,5816,7,-2000,0
2,4,14942,18,-2000,0
2,4,20675,25,-2000,0
2,5,4194,5,-2000,0
2,5,14844,18,-2000,0
2,5,32132,39,-2000,0
2,5,35400,43,-2000,0
3,1,811,1,-2000,0
3,1,8186,10,-2000,0
3,1,34152,41,-2000,0
3,1,36634,44,-2000,0
3,2,4083,5,-2000,0
3,2,9076,11,-2000,0
3,2,19790,24,-2000,0
3,2,23809,29,-2000,0
3,3,7432,9,-2000,0
3,3,12348,15,-2000,0
3,3,24629,30,-2000,0
3,3,28661,35,-2000,0
3,4,4139,5,-2000,0
3,4,10642,13,-2000,0
3,4,28549,35,-2000,0
3,4,35786,44,-2000,0
3,5,10530,13,-2000,0
3,5,12148,15,-2000,0
3,5,13835,17,-2000,0
3,5,14636,18,-2000,0
4,1,7936,10,-2000,0
4,1,8728,11,-2000,0
4,1,10329,13,-2000,0
4,1,20790,26,-2000,0
4,2,3212,4,-2000,0
4,2,15203,19,-2000,0
4,2,20876,26,-2000,0
4,2,34515,43,-2000,0
4,3,6366,8,-2000,0
4,3,11980,15,-2000,0
4,3,18456,23,-2000,0
4,3,25699,32,-2000,0
4,4,4003,5,-2000,0
4,4,10368,13,-2000,0
4,4,22422,28,-2000,0
4,4,33735,42,-2000,0
4,5,9535,12,-2000,0
4,5,25765,32,-2000,0
4,5,29749,37,-2000,0
4,5,32134,40,-2000,0
5,1,6595,8,-2000,0
5,1,20739,25,-2000,0
5,1,25798,31,-2000,0
5,1,31746,38,-2000,0
5,2,22734,27,-2000,0
5,2,28551,34,-2000,0
5,2,32702,39,-2000,0
5,2,36849,44,-2000,0
5,3,5776,7,-2000,0
5,3,7438,9,-2000,0
5,3,19756,24,-2000,0
5,3,23005,28,-2000,0
5,4,4062,5,-2000,0
5,4,6535,8,-2000,0
5,4,15537,19,-2000,0
5,4,23762,29,-2000,0
5,5,17205,21,-2000,0
5,5,19702,24,-2000,0
5,5,27096,33,-2000,0
5,5,30340,37,-2000,0
6,1,24207,29,-2000,0
6,1,25011,30,-2000,0
6,1,29830,36,-2000,0
6,1,33083,40,-2000,0
6,2,24344,30,-2000,0
6,2,25147,31,-2000,0
6,2,28407,35,-2000,0
6,2,29221,36,-2000,0
6,3,19291,24,-2000,0
6,3,25834,32,-2000,0
6,3,28225,35,-2000,0
6,3,33875,42,-2000,0
6,4,8103,10,-2000,0
6,4,9704,12,-2000,0
6,4,12927,16,-2000,0
6,4,17788,22,-2000,0
6,5,9738,12,-2000,0
6,5,14565,18,-2000,0
6,5,29212,36,-2000,0
6,5,31616,39,-2000,0
7,1,24444,30,-2000,0
7,1,25242,31,-2000,0
7,1,26831,33,-2000,0
7,1,27658,34,-2000,0
7,2,4811,6,-2000,0
7,2,16194,20,-2000,0
7,2,27523,34,-2000,0
7,2,28325,35,-2000,1
7,3,10475,13,-2000,0
7,3,11269,14,-2000,0
7,3,31529,39,-2000,0
7,3,33970,42,-2000,0
7,4,3238,4,-2000,0
7,4,12153,15,-2000,0
7,4,12956,16,-2000,0
7,4,22675,28,-2000,1
7,5,1608,2,-2000,1
7,5,6477,8,-2000,0
7,5,11321,14,-2000,0
7,5,30805,38,-2000,0
8,1,10292,13,-2000,0
8,1,11080,14,-2000,0
8,1,16723,21,-2000,0
8,1,18303,23,-2000,0
8,2,788,1,-2000,0
8,2,5585,7,-2000,0
8,2,15847,20,-2000,0
8,2,19796,25,-2000,0
8,3,16727,21,-2000,0
8,3,18334,23,-2000,0
8,3,24749,31,-2000,0
8,3,27118,34,-2000,0
8,4,15922,20,-2000,0
8,4,22382,28,-2000,0
8,4,23965,30,-2000,0
8,4,26332,33,-2000,0
8,5,11150,14,-2000,1
8,5,11943,15,-2000,0
8,5,19835,25,-2000,0
8,5,30298,38,-2000,0
9,1,15373,19,-2000,0
9,1,23433,29,-2000,0
9,1,29076,36,-2000,0
9,1,35577,44,-2000,0
9,2,1586,2,-2000,0
9,2,7679,9,-2000,0
9,2,22262,27,-2000,0
9,2,30974,38,-2000,0
9,3,5563,7,-2000,0
9,3,14359,18,-2000,0
9,3,31979,40,-2000,0
9,3,34388,43,-2000,0
9,4,3160,4,-2000,0
9,4,18377,23,-2000,0
9,4,25536,32,-2000,0
9,4,26327,33,-2000,0
9,5,3228,4,-2000,0
9,5,15307,19,-2000,0
9,5,30390,38,-2000,0
9,5,32773,41,-2000,0
10,1,3285,4,-2000,0
10,1,4093,5,-2000,0
10,1,25574,31,-2000,0
10,1,34663,42,-2000,0
10,2,6575,8,-2000,0
10,2,13118,16,-2000,0
10,2,14734,18,-2000,0
10,2,24569,30,-2000,0
10,3,13966,17,-2000,0
10,3,18006,22,-2000,0
10,3,22990,28,-2000,0
10,3,27128,33,-2000,0
10,4,1601,2,-2000,0
10,4,11394,14,-2000,0
10,4,14705,18,-2000,0
10,4,18916,23,-2000,0
10,5,19106,23,-2000,0
10,5,25206,30,-2000,0
10,5,29357,35,-2000,0
10,5,30979,37,-2000,0
11,1,4918,6,-2000,0
11,1,18972,23,-2000,0
11,1,23041,28,-2000,0
11,1,30368,37,-2000,0
11,2,8257,10,-2000,0
11,2,20462,25,-2000,0
11,2,25400,31,-2000,0
11,2,33530,41,-2000,0
11,3,12932,16,-2000,0
11,3,16169,20,-2000,0
11,3,25182,31,-2000,1
11,3,33293,41,-2000,0
11,4,1626,2,-2000,0
11,4,3277,4,-2000,0
11,4,4881,6,-2000,0
11,4,35782,44,-2000,0
11,5,1655,2,-2000,0
11,5,7337,9,-2000,0
11,5,10547,13,-2000,0
11,5,22728,28,-2000,0
12,1,1663,2,-2000,0
12,1,5763,7,-2000,0
12,1,23232,28,-2000,1
12,1,35642,43,-2000,1
12,2,19080,23,-2000,1
12,2,19909,24,-2000,0
12,2,23192,28,-2000,1
12,2,28909,35,-2000,0
12,3,4149,5,-2000,0
12,3,16346,20,-2000,0
12,3,26923,33,-2000,0
12,3,35923,44,-2000,0
12,4,7463,9,-2000,0
12,4,13249,16,-2000,0
12,4,18097,22,-2000,0
12,4,33576,41,-2000,0
12,5,6461,8,-2000,0
12,5,13728,17,-2000,0
12,5,23494,29,-2000,0
12,5,28399,35,-2000,0
13,1,18738,23,-2000,0
13,1,25345,31,-2000,0
13,1,26946,33,-2000,0
13,1,32781,40,-2000,0
13,2,3208,4,-2000,0
13,2,10540,13,-2000,1
13,2,17968,22,-2000,0
13,2,27849,34,-2000,0
13,3,9844,12,-2000,1
13,3,11450,14,-2000,0
13,3,18782,23,-2000,0
13,3,35219,43,-2000,0
13,4,8121,10,-2000,1
13,4,15477,19,-2000,0
13,4,19599,24,-2000,1
13,4,28523,35,-2000,0
13,5,7368,9,-2000,0
13,5,18728,23,-2000,1
13,5,31850,39,-2000,0
13,5,35861,44,-2000,0
1,1,4940,6,-1500,0
1,1,18297,22,-1500,0
1,1,27358,33,-1500,1
1,1,29846,36,-1500,1
1,2,5001,6,-1500,0
1,2,14986,18,-1500,1
1,2,17428,21,-1500,0
1,2,32955,40,-1500,0
1,3,1602,2,-1500,0
1,3,12114,15,-1500,0
1,3,15354,19,-1500,0
1,3,30817,38,-1500,0
1,4,779,1,-1500,0
1,4,9772,12,-1500,0
1,4,17027,21,-1500,0
1,4,32531,40,-1500,0
1,5,9060,11,-1500,1
1,5,18312,22,-1500,0
1,5,26947,32,-1500,0
1,5,30169,36,-1500,0
2,1,4099,5,-1500,0
2,1,10567,13,-1500,0
2,1,14234,16,-1500,0
2,1,18337,21,-1500,0
2,2,12402,15,-1500,0
2,2,14857,18,-1500,0
2,2,30808,37,-1500,1
2,2,34124,41,-1500,0
2,3,10834,13,-1500,0
2,3,15009,18,-1500,0
2,3,26437,32,-1500,0
2,3,34672,42,-1500,0
2,4,10026,12,-1500,0
2,4,15758,19,-1500,0
2,4,25565,31,-1500,0
2,4,36379,44,-1500,0
2,5,2557,3,-1500,0
2,5,10759,13,-1500,0
2,5,16453,20,-1500,0
2,5,24716,30,-1500,0
3,1,10941,13,-1500,0
3,1,16749,20,-1500,0
3,1,20108,24,-1500,0
3,1,26732,32,-1500,0
3,2,14864,18,-1500,0
3,2,24639,30,-1500,0
3,2,32074,39,-1500,0
3,2,32911,40,-1500,0
3,3,13160,16,-1500,0
3,3,26239,32,-1500,0
3,3,27043,33,-1500,0
3,3,31882,39,-1500,0
3,4,2497,3,-1500,0
3,4,11444,14,-1500,0
3,4,15491,19,-1500,0
3,4,30978,38,-1500,0
3,5,6487,8,-1500,0
3,5,8900,11,-1500,0
3,5,17044,21,-1500,0
3,5,26787,33,-1500,0
4,1,3168,4,-1500,0
4,1,19996,25,-1500,0
4,1,24000,30,-1500,0
4,1,31196,39,-1500,0
4,2,7181,9,-1500,0
4,2,9614,12,-1500,0
4,2,10402,13,-1500,0
4,2,23253,29,-1500,0
4,3,7960,10,-1500,0
4,3,20044,25,-1500,0
4,3,20838,26,-1500,0
4,3,33690,42,-1500,0
4,4,15937,20,-1500,0
4,4,20804,26,-1500,0
4,4,26450,33,-1500,0
4,4,30491,38,-1500,0
4,5,3981,5,-1500,0
4,5,18435,23,-1500,0
4,5,32929,41,-1500,0
4,5,34521,43,-1500,0
5,1,8244,10,-1500,0
5,1,22383,27,-1500,0
5,1,34242,41,-1500,0
5,1,36750,44,-1500,0
5,2,1640,2,-1500,0
5,2,5944,7,-1500,0
5,2,17717,21,-1500,0
5,2,35195,42,-1500,0
5,3,14794,18,-1500,0
5,3,20561,25,-1500,0
5,3,27104,33,-1500,0
5,3,27908,34,-1500,0
5,4,1614,2,-1500,0
5,4,2442,3,-1500,0
5,4,28646,35,-1500,0
5,4,36042,44,-1500,0
5,5,4062,5,-1500,0
5,5,9731,12,-1500,1
5,5,12240,15,-1500,0
5,5,27911,34,-1500,1
6,1,799,1,-1500,0
6,1,4439,5,-1500,0
6,1,17682,21,-1500,0
6,1,34694,42,-1500,0
6,2,4019,5,-1500,0
6,2,21913,27,-1500,0
6,2,25951,32,-1500,0
6,2,26753,33,-1500,0
6,3,6403,8,-1500,0
6,3,16900,21,-1500,0
6,3,20888,26,-1500,0
6,3,32294,40,-1500,0
6,4,15328,19,-1500,0
6,4,16988,21,-1500,0
6,4,19389,24,-1500,0
6,4,27503,34,-1500,0
6,5,17024,21,-1500,0
6,5,17834,22,-1500,0
6,5,18635,23,-1500,0
6,5,32418,40,-1500,0
7,1,6516,8,-1500,0
7,1,13793,17,-1500,0
7,1,21221,26,-1500,0
7,1,31743,39,-1500,1
7,2,1629,2,-1500,0
7,2,2428,3,-1500,0
7,2,9721,12,-1500,0
7,2,26722,33,-1500,0
7,3,4831,6,-1500,0
7,3,8876,11,-1500,0
7,3,23447,29,-1500,0
7,3,35575,44,-1500,1
7,4,7238,9,-1500,0
7,4,8824,11,-1500,0
7,4,26692,33,-1500,1
7,4,30778,38,-1500,0
7,5,18726,23,-1500,1
7,5,19521,24,-1500,0
7,5,25979,32,-1500,1
7,5,34768,43,-1500,1
8,1,7132,9,-1500,0
8,1,8714,11,-1500,0
8,1,23826,30,-1500,0
8,1,35070,44,-1500,0
8,2,18215,23,-1500,1
8,2,19003,24,-1500,0
8,2,29466,37,-1500,0
8,2,32681,41,-1500,0
8,3,10343,13,-1500,0
8,3,15147,19,-1500,1
8,3,15934,20,-1500,0
8,3,23155,29,-1500,1
8,4,7963,10,-1500,0
8,4,13552,17,-1500,1
8,4,21589,27,-1500,0
8,4,27125,34,-1500,0
8,5,2362,3,-1500,0
8,5,9576,12,-1500,0
8,5,16675,21,-1500,0
8,5,34250,43,-1500,0
9,1,7301,9,-1500,0
9,1,8102,10,-1500,0
9,1,18634,23,-1500,0
9,1,21834,27,-1500,0
9,2,6040,7,-1500,0
9,2,9325,11,-1500,0
9,2,27805,34,-1500,0
9,2,35731,44,-1500,0
9,3,4773,6,-1500,0
9,3,7937,10,-1500,0
9,3,13569,17,-1500,0
9,3,26345,33,-1500,0
9,4,9549,12,-1500,0
9,4,17586,22,-1500,0
9,4,23945,30,-1500,0
9,4,31140,39,-1500,0
9,5,13722,17,-1500,0
9,5,18481,23,-1500,0
9,5,19273,24,-1500,0
9,5,27197,34,-1500,0
10,1,1655,2,-1500,0
10,1,4904,6,-1500,0
10,1,6541,8,-1500,0
10,1,33058,40,-1500,0
10,2,8999,11,-1500,0
10,2,10694,13,-1500,0
10,2,22109,27,-1500,0
10,2,23748,29,-1500,1
10,3,2433,3,-1500,1
10,3,7319,9,-1500,0
10,3,19636,24,-1500,1
10,3,36331,44,-1500,0
10,4,3218,4,-1500,0
10,4,26322,32,-1500,0
10,4,32176,39,-1500,1
10,4,32977,40,-1500,1
10,5,9060,11,-1500,1
10,5,18312,22,-1500,0
10,5,26947,32,-1500,0
10,5,30169,36,-1500,0
11,1,20614,25,-1500,0
11,1,24660,30,-1500,0
11,1,28744,35,-1500,0
11,1,33599,41,-1500,0
11,2,3303,4,-1500,0
11,2,4997,6,-1500,0
11,2,9862,12,-1500,1
11,2,14764,18,-1500,0
11,3,1602,2,-1500,0
11,3,12114,15,-1500,0
11,3,15354,19,-1500,0
11,3,30817,38,-1500,0
11,4,779,1,-1500,0
11,4,9772,12,-1500,0
11,4,17027,21,-1500,0
11,4,32531,40,-1500,0
11,5,8945,11,-1500,0
11,5,25142,31,-1500,0
11,5,31758,39,-1500,0
11,5,34176,42,-1500,0
12,1,4940,6,-1500,0
12,1,18297,22,-1500,0
12,1,27358,33,-1500,1
12,1,29846,36,-1500,1
12,2,5001,6,-1500,0
12,2,14986,18,-1500,1
12,2,17428,21,-1500,0
12,2,32955,40,-1500,0
12,3,7360,9,-1500,0
12,3,11437,14,-1500,0
12,3,29340,36,-1500,0
12,3,34262,42,-1500,0
12,4,1629,2,-1500,1
12,4,4082,5,-1500,1
12,4,17296,21,-1500,1
12,4,31934,39,-1500,0
12,5,11317,14,-1500,1
12,5,16166,20,-1500,1
12,5,21069,26,-1500,1
12,5,21886,27,-1500,1
13,1,10606,13,-1500,0
13,1,16334,20,-1500,1
13,1,28626,35,-1500,0
13,1,31952,39,-1500,0
13,2,7254,9,-1500,0
13,2,22985,28,-1500,0
13,2,29468,36,-1500,0
13,2,32769,40,-1500,1
13,3,20446,25,-1500,0
13,3,27017,33,-1500,0
13,3,27856,34,-1500,0
13,3,33529,41,-1500,1
13,4,1596,2,-1500,0
13,4,7312,9,-1500,0
13,4,16275,20,-1500,0
13,4,32539,40,-1500,0
13,5,8168,10,-1500,0
13,5,22914,28,-1500,1
13,5,24513,30,-1500,0
13,5,32654,40,-1500,0
1,1,11611,14,-1100,1
1,1,12442,15,-1100,1
1,1,15006,18,-1100,1
1,1,19963,24,-1100,0
1,2,2502,3,-1100,1
1,2,25629,31,-1100,1
1,2,28103,34,-1100,1
1,2,32149,39,-1100,1
1,3,3212,4,-1100,0
1,3,4803,6,-1100,1
1,3,18650,23,-1100,1
1,3,27598,34,-1100,1
1,4,8971,11,-1100,0
1,4,12196,15,-1100,0
1,4,13016,16,-1100,0
1,4,21125,26,-1100,0
1,5,5768,7,-1100,0
1,5,14109,17,-1100,1
1,5,26149,31,-1100,0
1,5,28550,34,-1100,1
2,1,20016,23,-1100,0
2,1,23365,27,-1100,1
2,1,29102,34,-1100,1
2,1,33251,39,-1100,1
2,2,6554,8,-1100,0
2,2,16484,20,-1100,0
2,2,34941,42,-1100,1
2,2,36582,44,-1100,1
2,3,15856,19,-1100,0
2,3,23185,28,-1100,0
2,3,27252,33,-1100,1
2,3,28053,34,-1100,0
2,4,11697,14,-1100,0
2,4,19035,23,-1100,0
2,4,26392,32,-1100,1
2,4,27197,33,-1100,1
2,5,9952,12,-1100,0
2,5,18094,22,-1100,1
2,5,22270,27,-1100,0
2,5,32947,40,-1100,0
3,1,5738,7,-1100,0
3,1,20938,25,-1100,0
3,1,27537,33,-1100,1
3,1,32513,39,-1100,0
3,2,8264,10,-1100,0
3,2,9911,12,-1100,0
3,2,26275,32,-1100,0
3,2,31231,38,-1100,0
3,3,4141,5,-1100,0
3,3,9042,11,-1100,0
3,3,17192,21,-1100,0
3,3,17995,22,-1100,0
3,4,4939,6,-1100,0
3,4,17159,21,-1100,0
3,4,22072,27,-1100,1
3,4,25294,31,-1100,0
3,5,8099,10,-1100,1
3,5,15438,19,-1100,0
3,5,22754,28,-1100,1
3,5,30040,37,-1100,0
4,1,16745,21,-1100,0
4,1,23204,29,-1100,0
4,1,24788,31,-1100,0
4,1,26376,33,-1100,0
4,2,2415,3,-1100,0
4,2,11984,15,-1100,0
4,2,12778,16,-1100,0
4,2,24850,31,-1100,0
4,3,792,1,-1100,0
4,3,16039,20,-1100,0
4,3,22453,28,-1100,0
4,3,24041,30,-1100,0
4,4,3204,4,-1100,0
4,4,4800,6,-1100,0
4,4,6388,8,-1100,0
4,4,9572,12,-1100,0
4,5,2387,3,-1100,0
4,5,3187,4,-1100,0
4,5,33723,42,-1100,0
4,5,35314,44,-1100,0
5,1,4146,5,-1100,1
5,1,9894,12,-1100,1
5,1,16542,20,-1100,1
5,1,23203,28,-1100,0
5,2,8433,10,-1100,0
5,2,15163,18,-1100,1
5,2,27731,33,-1100,1
5,2,29397,35,-1100,1
5,3,1646,2,-1100,0
5,3,25478,31,-1100,1
5,3,30316,37,-1100,1
5,3,34446,42,-1100,1
5,4,804,1,-1100,0
5,4,8160,10,-1100,0
5,4,8976,11,-1100,0
5,4,11399,14,-1100,0
5,5,11416,14,-1100,1
5,5,13907,17,-1100,1
5,5,18889,23,-1100,1
5,5,31149,38,-1100,1
6,1,10195,12,-1100,0
6,1,20141,24,-1100,0
6,1,32282,39,-1100,0
6,1,35497,43,-1100,0
6,2,2410,3,-1100,0
6,2,12971,16,-1100,0
6,2,17059,21,-1100,0
6,2,22736,28,-1100,1
6,3,5605,7,-1100,1
6,3,10450,13,-1100,0
6,3,13703,17,-1100,1
6,3,18503,23,-1100,1
6,4,20187,25,-1100,0
6,4,23425,29,-1100,1
6,4,28310,35,-1100,1
6,4,31506,39,-1100,1
6,5,8932,11,-1100,0
6,5,25149,31,-1100,0
6,5,28415,35,-1100,1
6,5,34060,42,-1100,1
7,1,8130,10,-1100,1
7,1,8928,11,-1100,0
7,1,17233,21,-1100,1
7,1,32536,40,-1100,1
7,2,12164,15,-1100,1
7,2,23507,29,-1100,1
7,2,25123,31,-1100,1
7,2,31504,39,-1100,1
7,3,1638,2,-1100,0
7,3,8078,10,-1100,0
7,3,9679,12,-1100,1
7,3,17723,22,-1100,1
7,4,15386,19,-1100,1
7,4,21872,27,-1100,1
7,4,29977,37,-1100,1
7,4,33248,41,-1100,0
7,5,4018,5,-1100,1
7,5,7282,9,-1100,1
7,5,21129,26,-1100,1
7,5,27597,34,-1100,1
8,1,3948,5,-1100,0
8,1,9501,12,-1100,0
8,1,21458,27,-1100,1
8,1,33490,42,-1100,0
8,2,3159,4,-1100,0
8,2,4794,6,-1100,1
8,2,7163,9,-1100,1
8,2,26224,33,-1100,1
8,3,5526,7,-1100,1
8,3,7104,9,-1100,1
8,3,21573,27,-1100,1
8,3,31072,39,-1100,1
8,4,789,1,-1100,0
8,4,9544,12,-1100,1
8,4,16711,21,-1100,1
8,4,27911,35,-1100,0
8,5,5543,7,-1100,1
8,5,10363,13,-1100,1
8,5,15095,19,-1100,1
8,5,33458,42,-1100,1
9,1,6503,8,-1100,1
9,1,22633,28,-1100,1
9,1,26645,33,-1100,1
9,1,31471,39,-1100,1
9,2,790,1,-1100,1
9,2,5242,6,-1100,0
9,2,13369,16,-1100,1
9,2,23842,29,-1100,0
9,3,3163,4,-1100,1
9,3,15149,19,-1100,1
9,3,18313,23,-1100,1
9,3,24760,31,-1100,1
9,4,13536,17,-1100,0
9,4,16000,20,-1100,0
9,4,27119,34,-1100,0
9,4,34397,43,-1100,1
9,5,2436,3,-1100,1
9,5,16097,20,-1100,1
9,5,22442,28,-1100,1
9,5,35210,44,-1100,1
10,1,8971,11,-1100,1
10,1,12345,15,-1100,0
10,1,17312,21,-1100,0
10,1,27263,33,-1100,1
10,2,5768,7,-1100,0
10,2,8191,10,-1100,0
10,2,18025,22,-1100,1
10,2,18835,23,-1100,1
10,3,20494,25,-1100,0
10,3,30445,37,-1100,1
10,3,32120,39,-1100,1
10,3,34666,42,-1100,0
10,4,801,1,-1100,0
10,4,4039,5,-1100,0
10,4,10591,13,-1100,1
10,4,35381,43,-1100,1
10,5,5768,7,-1100,0
10,5,14109,17,-1100,1
10,5,26149,31,-1100,0
10,5,28550,34,-1100,1
11,1,5733,7,-1100,0
11,1,17327,21,-1100,0
11,1,23860,29,-1100,0
11,1,27944,34,-1100,1
11,2,12332,15,-1100,0
11,2,16379,20,-1100,0
11,2,22944,28,-1100,0
11,2,23753,29,-1100,1
11,3,3212,4,-1100,0
11,3,4803,6,-1100,1
11,3,18650,23,-1100,1
11,3,27598,34,-1100,1
11,4,8971,11,-1100,0
11,4,12196,15,-1100,0
11,4,13016,16,-1100,0
11,4,21125,26,-1100,0
11,5,2463,3,-1100,0
11,5,16249,20,-1100,0
11,5,18655,23,-1100,0
11,5,28514,35,-1100,0
12,1,11611,14,-1100,1
12,1,12442,15,-1100,1
12,1,15006,18,-1100,1
12,1,19963,24,-1100,0
12,2,2502,3,-1100,1
12,2,25629,31,-1100,1
12,2,28103,34,-1100,1
12,2,32149,39,-1100,1
12,3,24443,30,-1100,1
12,3,26119,32,-1100,1
12,3,32643,40,-1100,1
12,3,33455,41,-1100,1
12,4,19718,24,-1100,1
12,4,20534,25,-1100,1
12,4,22997,28,-1100,1
12,4,28676,35,-1100,1
12,5,4837,6,-1100,1
12,5,10499,13,-1100,1
12,5,22682,28,-1100,1
12,5,24294,30,-1100,1
13,1,8177,10,-1100,0
13,1,9782,12,-1100,0
13,1,13070,16,-1100,1
13,1,31113,38,-1100,1
13,2,12966,16,-1100,0
13,2,16322,20,-1100,1
13,2,21348,26,-1100,1
13,2,31943,39,-1100,0
13,3,1655,2,-1100,0
13,3,3311,4,-1100,0
13,3,13074,16,-1100,1
13,3,23754,29,-1100,0
13,4,4898,6,-1100,0
13,4,11363,14,-1100,1
13,4,24434,30,-1100,0
13,4,33344,41,-1100,0
13,5,4875,6,-1100,1
13,5,21215,26,-1100,1
13,5,23716,29,-1100,1
13,5,34259,42,-1100,0
1,1,3308,4,-800,1
1,1,8299,10,-800,1
1,1,16645,20,-800,1
1,1,32347,39,-800,1
1,2,6687,8,-800,1
1,2,15788,19,-800,1
1,2,20717,25,-800,1
1,2,27289,33,-800,1
1,3,3999,5,-800,1
1,3,9716,12,-800,1
1,3,11311,14,-800,1
1,3,16979,21,-800,1
1,4,6503,8,-800,1
1,4,18697,23,-800,1
1,4,21949,27,-800,0
1,4,25222,31,-800,1
1,5,1596,2,-800,0
1,5,6607,8,-800,0
1,5,22584,27,-800,0
1,5,27742,33,-800,1
2,1,833,1,-800,0
2,1,12180,15,-800,1
2,1,21690,25,-800,1
2,1,29913,35,-800,1
2,2,5743,7,-800,1
2,2,25845,31,-800,1
2,2,26674,32,-800,0
2,2,27532,33,-800,1
2,3,11668,14,-800,1
2,3,13362,16,-800,1
2,3,19917,24,-800,0
2,3,22381,27,-800,1
2,4,14139,17,-800,1
2,4,30505,37,-800,1
2,4,32257,39,-800,1
2,4,33062,40,-800,1
2,5,7512,9,-800,1
2,5,13222,16,-800,0
2,5,27221,33,-800,0
2,5,30509,37,-800,1
3,1,9118,11,-800,1
3,1,11762,14,-800,0
3,1,14248,17,-800,0
3,1,34961,42,-800,1
3,2,11537,14,-800,0
3,2,16537,20,-800,0
3,2,20591,25,-800,1
3,2,29528,36,-800,0
3,3,2528,3,-800,0
3,3,3332,4,-800,0
3,3,10729,13,-800,0
3,3,30278,37,-800,0
3,4,14664,18,-800,0
3,4,26094,32,-800,1
3,4,30153,37,-800,1
3,4,31791,39,-800,1
3,5,16242,20,-800,0
3,5,18664,23,-800,1
3,5,21132,26,-800,1
3,5,27642,34,-800,1
4,1,790,1,-800,0
4,1,9520,12,-800,1
4,1,27169,34,-800,1
4,1,34432,43,-800,0
4,2,11192,14,-800,0
4,2,14408,18,-800,0
4,2,24047,30,-800,0
4,2,30467,38,-800,1
4,3,3184,4,-800,0
4,3,3984,5,-800,0
4,3,28932,36,-800,1
4,3,31316,39,-800,0
4,4,11968,15,-800,0
4,4,12763,16,-800,0
4,4,14347,18,-800,0
4,4,32941,41,-800,0
4,5,7150,9,-800,0
4,5,23357,29,-800,0
4,5,27351,34,-800,0
4,5,30546,38,-800,0
5,1,3313,4,-800,1
5,1,5769,7,-800,1
5,1,30063,36,-800,1
5,1,35100,42,-800,1
5,2,7612,9,-800,1
5,2,19366,23,-800,1
5,2,20197,24,-800,1
5,2,26882,32,-800,1
5,3,13990,17,-800,1
5,3,16469,20,-800,1
5,3,18948,23,-800,1
5,3,31988,39,-800,1
5,4,13023,16,-800,1
5,4,19635,24,-800,1
5,4,22139,27,-800,1
5,4,32729,40,-800,1
5,5,5687,7,-800,1
5,5,29532,36,-800,0
5,5,32778,40,-800,1
5,5,34462,42,-800,1
6,1,12626,15,-800,0
6,1,16868,20,-800,0
6,1,25811,31,-800,0
6,1,28220,34,-800,1
6,2,16256,20,-800,1
6,2,21108,26,-800,1
6,2,33358,41,-800,1
6,2,34161,42,-800,1
6,3,798,1,-800,1
6,3,1597,2,-800,1
6,3,7200,9,-800,1
6,3,33087,41,-800,0
6,4,2420,3,-800,1
6,4,4028,5,-800,1
6,4,10514,13,-800,0
6,4,29107,36,-800,1
6,5,1602,2,-800,1
6,5,8137,10,-800,1
6,5,12965,16,-800,0
6,5,13763,17,-800,1
7,1,11329,14,-800,1
7,1,18027,22,-800,1
7,1,30947,38,-800,1
7,1,35783,44,-800,1
7,2,5607,7,-800,1
7,2,14584,18,-800,1
7,2,20295,25,-800,1
7,2,21889,27,-800,1
7,3,21833,27,-800,1
7,3,27449,34,-800,0
7,3,29048,36,-800,1
7,3,32326,40,-800,1
7,4,8031,10,-800,1
7,4,9750,12,-800,1
7,4,25894,32,-800,0
7,4,29162,36,-800,0
7,5,17104,21,-800,0
7,5,22755,28,-800,1
7,5,33177,41,-800,1
7,5,35560,44,-800,1
8,1,791,1,-800,1
8,1,5551,7,-800,1
8,1,15142,19,-800,1
8,1,15931,20,-800,1
8,2,6372,8,-800,1
8,2,9532,12,-800,1
8,2,11902,15,-800,1
8,2,13481,17,-800,1
8,3,2363,3,-800,1
8,3,8711,11,-800,1
8,3,28701,36,-800,1
8,3,32707,41,-800,1
8,4,2364,3,-800,1
8,4,5544,7,-800,1
8,4,14341,18,-800,1
8,4,28700,36,-800,1
8,5,13521,17,-800,0
8,5,23899,30,-800,1
8,5,25479,32,-800,1
8,5,27906,35,-800,0
9,1,1670,2,-800,1
9,1,17836,22,-800,1
9,1,24228,30,-800,1
9,1,30674,38,-800,1
9,2,14980,18,-800,1
9,2,20675,25,-800,1
9,2,23051,28,-800,1
9,2,24635,30,-800,1
9,3,2373,3,-800,1
9,3,6355,8,-800,1
9,3,7146,9,-800,1
9,3,15940,20,-800,0
9,4,789,1,-800,0
9,4,3948,5,-800,1
9,4,28703,36,-800,1
9,4,33603,42,-800,1
9,5,4812,6,-800,1
9,5,7190,9,-800,0
9,5,14515,18,-800,0
9,5,21650,27,-800,0
10,1,8160,10,-800,1
10,1,24758,30,-800,1
10,1,29807,36,-800,1
10,1,33860,41,-800,1
10,2,1665,2,-800,0
10,2,12304,15,-800,1
10,2,13931,17,-800,0
10,2,15554,19,-800,1
10,3,12333,15,-800,1
10,3,13158,16,-800,1
10,3,18819,23,-800,0
10,3,29644,36,-800,1
10,4,2399,3,-800,1
10,4,18098,22,-800,0
10,4,34576,42,-800,1
10,4,36196,44,-800,0
10,5,1596,2,-800,0
10,5,6607,8,-800,0
10,5,22584,27,-800,0
10,5,27742,33,-800,1
11,1,1620,2,-800,0
11,1,2431,3,-800,0
11,1,9031,11,-800,1
11,1,36020,44,-800,1
11,2,811,1,-800,0
11,2,7454,9,-800,1
11,2,18039,22,-800,1
11,2,18863,23,-800,1
11,3,3999,5,-800,1
11,3,9716,12,-800,1
11,3,11311,14,-800,1
11,3,16979,21,-800,1
11,4,6503,8,-800,1
11,4,18697,23,-800,1
11,4,21949,27,-800,0
11,4,25222,31,-800,1
11,5,8138,10,-800,1
11,5,11363,14,-800,0
11,5,13011,16,-800,1
11,5,30943,38,-800,0
12,1,3308,4,-800,1
12,1,8299,10,-800,1
12,1,16645,20,-800,1
12,1,32347,39,-800,1
12,2,6687,8,-800,1
12,2,15788,19,-800,1
12,2,20717,25,-800,1
12,2,27289,33,-800,1
12,3,15546,19,-800,1
12,3,17150,21,-800,1
12,3,17950,22,-800,1
12,3,31789,39,-800,1
12,4,810,1,-800,1
12,4,14890,18,-800,1
12,4,21338,26,-800,1
12,4,25432,31,-800,1
12,5,3230,4,-800,1
12,5,4029,5,-800,1
12,5,7263,9,-800,1
12,5,14528,18,-800,1
13,1,5719,7,-800,0
13,1,6547,8,-800,1
13,1,14693,18,-800,1
13,1,26144,32,-800,1
13,2,8058,10,-800,1
13,2,19626,24,-800,1
13,2,34411,42,-800,1
13,2,35224,43,-800,1
13,3,4211,5,-800,0
13,3,5014,6,-800,0
13,3,5815,7,-800,1
13,3,28655,35,-800,1
13,4,799,1,-800,1
13,4,22012,27,-800,1
13,4,27715,34,-800,1
13,4,30130,37,-800,0
13,5,798,1,-800,1
13,5,9816,12,-800,0
13,5,11420,14,-800,1
13,5,17120,21,-800,1
1,1,15829,19,-600,1
1,1,17468,21,-600,1
1,1,20772,25,-600,1
1,1,24875,30,-600,0
1,2,10811,13,-600,1
1,2,21547,26,-600,1
1,2,33754,41,-600,1
1,2,34556,42,-600,1
1,3,14545,18,-600,1
1,3,26780,33,-600,1
1,3,32483,40,-600,1
1,3,34936,43,-600,1
1,4,14613,18,-600,1
1,4,15414,19,-600,0
1,4,30129,37,-600,1
1,4,34972,43,-600,1
1,5,23501,28,-600,0
1,5,33400,40,-600,0
1,5,34201,41,-600,1
1,5,35002,42,-600,1
2,1,3288,4,-600,1
2,1,8954,11,-600,1
2,1,26656,31,-600,1
2,1,28290,33,-600,1
2,2,9120,11,-600,1
2,2,13228,16,-600,1
2,2,15674,19,-600,1
2,2,22433,27,-600,0
2,3,2496,3,-600,1
2,3,7511,9,-600,1
2,3,16648,20,-600,1
2,3,29710,36,-600,1
2,4,822,1,-600,1
2,4,4161,5,-600,1
2,4,24762,30,-600,1
2,4,29684,36,-600,0
2,5,8332,10,-600,1
2,5,17267,21,-600,1
2,5,23093,28,-600,1
2,5,33758,41,-600,1
3,1,2463,3,-600,0
3,1,3272,4,-600,1
3,1,10114,12,-600,1
3,1,25032,30,-600,1
3,2,806,1,-600,0
3,2,2437,3,-600,1
3,2,3271,4,-600,1
3,2,21396,26,-600,1
3,3,21293,26,-600,1
3,3,27844,34,-600,1
3,3,32685,40,-600,1
3,3,33557,41,-600,1
3,4,9030,11,-600,1
3,4,13865,17,-600,0
3,4,27749,34,-600,1
3,4,29353,36,-600,1
3,5,4082,5,-600,0
3,5,4877,6,-600,1
3,5,24357,30,-600,1
3,5,33298,41,-600,1
4,1,1581,2,-600,1
4,1,5550,7,-600,0
4,1,17550,22,-600,0
4,1,22412,28,-600,1
4,2,4002,5,-600,0
4,2,21671,27,-600,0
4,2,26436,33,-600,0
4,2,32918,41,-600,1
4,3,12772,16,-600,0
4,3,27285,34,-600,0
4,3,34481,43,-600,1
4,3,35278,44,-600,1
4,4,1617,2,-600,0
4,4,7982,10,-600,0
4,4,24859,31,-600,0
4,4,29687,37,-600,1
4,5,4771,6,-600,0
4,5,11997,15,-600,0
4,5,14382,18,-600,0
4,5,31338,39,-600,0
5,1,9071,11,-600,1
5,1,12376,15,-600,1
5,1,14021,17,-600,1
5,1,33409,40,-600,1
5,2,2503,3,-600,1
5,2,10926,13,-600,1
5,2,21044,25,-600,1
5,2,26044,31,-600,1
5,3,17281,21,-600,1
5,3,26290,32,-600,1
5,3,28711,35,-600,1
5,3,33620,41,-600,1
5,4,4877,6,-600,1
5,4,18013,22,-600,1
5,4,30316,37,-600,1
5,4,31122,38,-600,1
5,5,3247,4,-600,1
5,5,7305,9,-600,1
5,5,14750,18,-600,0
5,5,26274,32,-600,0
6,1,13430,16,-600,1
6,1,16063,19,-600,1
6,1,33889,41,-600,1
6,1,36310,44,-600,0
6,2,3216,4,-600,0
6,2,17860,22,-600,0
6,2,19476,24,-600,0
6,2,35773,44,-600,0
6,3,7997,10,-600,1
6,3,14501,18,-600,1
6,3,15300,19,-600,1
6,3,23369,29,-600,1
6,4,1619,2,-600,1
6,4,4833,6,-600,1
6,4,25892,32,-600,1
6,4,33941,42,-600,1
6,5,2410,3,-600,1
6,5,27613,34,-600,1
6,5,34858,43,-600,1
6,5,35660,44,-600,1
7,1,1673,2,-600,1
7,1,16386,20,-600,1
7,1,22031,27,-600,1
7,1,28452,35,-600,1
7,2,12959,16,-600,1
7,2,15396,19,-600,1
7,2,29939,37,-600,1
7,2,34663,43,-600,1
7,3,4037,5,-600,1
7,3,16074,20,-600,1
7,3,25037,31,-600,1
7,3,26653,33,-600,1
7,4,5624,7,-600,1
7,4,20282,25,-600,1
7,4,21075,26,-600,1
7,4,32430,40,-600,1
7,5,3224,4,-600,1
7,5,13837,17,-600,1
7,5,14639,18,-600,1
7,5,32383,40,-600,1
8,1,7920,10,-600,1
8,1,17512,22,-600,1
8,1,19091,24,-600,1
8,1,23035,29,-600,1
8,2,12693,16,-600,1
8,2,15062,19,-600,1
8,2,27011,34,-600,1
8,2,35077,44,-600,1
8,3,3945,5,-600,1
8,3,11137,14,-600,0
8,3,22364,28,-600,1
8,3,33496,42,-600,0
8,4,11971,15,-600,0
8,4,15129,19,-600,1
8,4,24754,31,-600,1
8,4,31858,40,-600,0
8,5,786,1,-600,1
8,5,4755,6,-600,1
8,5,19046,24,-600,1
8,5,23112,29,-600,1
9,1,4099,5,-600,1
9,1,5702,7,-600,1
9,1,12926,16,-600,1
9,1,13733,17,-600,1
9,2,2680,3,-600,1
9,2,11787,14,-600,1
9,2,29388,36,-600,1
9,2,32560,40,-600,1
9,3,790,1,-600,1
9,3,9548,12,-600,0
9,3,20748,26,-600,1
9,3,35178,44,-600,1
9,4,6380,8,-600,0
9,4,12743,16,-600,0
9,4,20778,26,-600,1
9,4,23153,29,-600,0
9,5,9626,12,-600,1
9,5,17684,22,-600,1
9,5,24819,31,-600,0
9,5,29597,37,-600,0
10,1,13972,17,-600,0
10,1,18980,23,-600,1
10,1,22239,27,-600,1
10,1,32249,39,-600,1
10,2,3285,4,-600,0
10,2,28781,35,-600,0
10,2,33793,41,-600,1
10,2,36231,44,-600,1
10,3,804,1,-600,1
10,3,8133,10,-600,0
10,3,15584,19,-600,1
10,3,28773,35,-600,0
10,4,8973,11,-600,0
10,4,13894,17,-600,0
10,4,24722,30,-600,1
10,4,30552,37,-600,0
10,5,23501,28,-600,0
10,5,33400,40,-600,0
10,5,34201,41,-600,1
10,5,35002,42,-600,1
11,1,817,1,-600,0
11,1,26338,32,-600,1
11,1,29552,36,-600,1
11,1,32788,40,-600,1
11,2,1631,2,-600,0
11,2,9063,11,-600,1
11,2,27014,33,-600,1
11,2,32724,40,-600,1
11,3,14545,18,-600,1
11,3,26780,33,-600,1
11,3,32483,40,-600,1
11,3,34936,43,-600,1
11,4,14613,18,-600,1
11,4,15414,19,-600,0
11,4,30129,37,-600,1
11,4,34972,43,-600,1
11,5,14636,18,-600,1
11,5,19465,24,-600,0
11,5,30145,37,-600,0
11,5,34982,43,-600,1
12,1,15829,19,-600,1
12,1,17468,21,-600,1
12,1,20772,25,-600,1
12,1,24875,30,-600,0
12,2,10811,13,-600,1
12,2,21547,26,-600,1
12,2,33754,41,-600,1
12,2,34556,42,-600,1
12,3,14722,18,-600,1
12,3,19561,24,-600,1
12,3,22813,28,-600,1
12,3,30138,37,-600,1
12,4,12437,15,-600,1
12,4,23823,29,-600,0
12,4,34399,42,-600,0
12,4,35205,43,-600,1
12,5,2428,3,-600,1
12,5,15335,19,-600,1
12,5,20254,25,-600,1
12,5,29214,36,-600,0
13,1,1638,2,-600,1
13,1,4093,5,-600,1
13,1,17938,22,-600,1
13,1,34474,42,-600,0
13,2,14687,18,-600,0
13,2,22186,27,-600,1
13,2,28664,35,-600,1
13,2,36028,44,-600,1
13,3,6614,8,-600,1
13,3,12250,15,-600,1
13,3,17177,21,-600,1
13,3,22107,27,-600,1
13,4,4082,5,-600,1
13,4,9751,12,-600,1
13,4,26913,33,-600,1
13,4,34147,42,-600,1
13,5,2424,3,-600,1
13,5,4075,5,-600,1
13,5,26969,33,-600,0
13,5,31051,38,-600,1
1,1,6586,8,-500,1
1,1,9953,12,-500,0
1,1,21590,26,-500,0
1,1,26544,32,-500,1
1,2,9166,11,-500,1
1,2,9977,12,-500,1
1,2,13310,16,-500,1
1,2,29709,36,-500,1
1,3,2403,3,-500,1
1,3,8083,10,-500,1
1,3,13721,17,-500,1
1,3,22715,28,-500,1
1,4,4073,5,-500,1
1,4,11394,14,-500,1
1,4,13808,17,-500,0
1,4,26835,33,-500,1
1,5,4948,6,-500,1
1,5,13291,16,-500,0
1,5,31778,38,-500,0
1,5,32579,39,-500,1
2,1,6523,8,-500,1
2,1,25025,29,-500,1
2,1,27482,32,-500,1
2,1,36559,43,-500,1
2,2,2452,3,-500,1
2,2,11584,14,-500,1
2,2,28347,34,-500,1
2,2,29170,35,-500,1
2,3,4972,6,-500,1
2,3,5809,7,-500,0
2,3,18284,22,-500,1
2,3,24799,30,-500,1
2,4,10875,13,-500,0
2,4,17400,21,-500,1
2,4,23959,29,-500,0
2,4,35568,43,-500,1
2,5,1723,2,-500,1
2,5,3376,4,-500,1
2,5,5831,7,-500,0
2,5,12400,15,-500,1
3,1,17560,21,-500,1
3,1,25898,31,-500,1
3,1,30017,36,-500,1
3,1,33320,40,-500,1
3,2,1624,2,-500,0
3,2,14052,17,-500,1
3,2,22202,27,-500,1
3,2,28706,35,-500,1
3,3,25437,31,-500,1
3,3,31077,38,-500,1
3,3,35284,43,-500,1
3,3,36096,44,-500,1
3,4,8230,10,-500,1
3,4,13059,16,-500,1
3,4,18820,23,-500,1
3,4,20463,25,-500,1
3,5,3267,4,-500,1
3,5,28446,35,-500,1
3,5,30844,38,-500,1
3,5,31641,39,-500,1
4,1,2377,3,-500,1
4,1,3964,5,-500,1
4,1,6346,8,-500,1
4,1,11912,15,-500,1
4,2,7972,10,-500,1
4,2,22465,28,-500,1
4,2,28026,35,-500,1
4,2,35307,44,-500,0
4,3,19250,24,-500,0
4,3,29729,37,-500,0
4,3,30520,38,-500,0
4,3,32896,41,-500,1
4,4,2411,3,-500,0
4,4,8778,11,-500,0
4,4,15143,19,-500,0
4,4,19220,24,-500,0
4,5,796,1,-500,1
4,5,1599,2,-500,1
4,5,7946,10,-500,0
4,5,19239,24,-500,0
5,1,10713,13,-500,1
5,1,13205,16,-500,1
5,1,19072,23,-500,1
5,1,21554,26,-500,1
5,2,16884,20,-500,1
5,2,23552,28,-500,1
5,2,30229,36,-500,1
5,2,31884,38,-500,1
5,3,2470,3,-500,1
5,3,3312,4,-500,1
5,3,32803,40,-500,1
5,3,35259,43,-500,1
5,4,3246,4,-500,1
5,4,12210,15,-500,1
5,4,24570,30,-500,1
5,4,26181,32,-500,0
5,5,6490,8,-500,0
5,5,8921,11,-500,1
5,5,15564,19,-500,1
5,5,22957,28,-500,1
6,1,5243,6,-500,1
6,1,9381,11,-500,1
6,1,18480,22,-500,1
6,1,22595,27,-500,1
6,2,1611,2,-500,1
6,2,8119,10,-500,1
6,2,8925,11,-500,1
6,2,18662,23,-500,1
6,3,16102,20,-500,1
6,3,20091,25,-500,1
6,3,27427,34,-500,1
6,3,31502,39,-500,1
6,4,6493,8,-500,1
6,4,7304,9,-500,0
6,4,24224,30,-500,1
6,4,29913,37,-500,1
6,5,6509,8,-500,1
6,5,22720,28,-500,1
6,5,24342,30,-500,0
6,5,30816,38,-500,1
7,1,3287,4,-500,1
7,1,9734,12,-500,1
7,1,22829,28,-500,1
7,1,34165,42,-500,1
7,2,17016,21,-500,1
7,2,17812,22,-500,1
7,2,21090,26,-500,1
7,2,24300,30,-500,1
7,3,803,1,-500,1
7,3,2428,3,-500,1
7,3,22635,28,-500,1
7,3,24240,30,-500,1
7,4,18647,23,-500,0
7,4,23500,29,-500,0
7,4,25100,31,-500,1
7,4,34062,42,-500,0
7,5,8907,11,-500,0
7,5,24384,30,-500,1
7,5,28406,35,-500,0
7,5,31595,39,-500,1
8,1,12716,16,-500,1
8,1,26313,33,-500,0
8,1,29496,37,-500,1
8,1,32699,41,-500,1
8,2,8743,11,-500,0
8,2,10319,13,-500,0
8,2,14275,18,-500,0
8,2,16634,21,-500,1
8,3,3154,4,-500,1
8,3,13503,17,-500,1
8,3,19126,24,-500,0
8,3,30280,38,-500,1
8,4,4758,6,-500,1
8,4,30279,38,-500,1
8,4,32649,41,-500,0
8,4,34285,43,-500,1
8,5,17465,22,-500,0
8,5,18255,23,-500,0
8,5,22320,28,-500,1
8,5,31091,39,-500,0
9,1,9725,12,-500,1
9,1,12124,15,-500,1
9,1,25850,32,-500,0
9,1,34780,43,-500,1
9,2,12578,15,-500,0
9,2,17424,21,-500,1
9,2,27013,33,-500,0
9,2,34145,42,-500,0
9,3,17521,22,-500,0
9,3,23179,29,-500,0
9,3,25552,32,-500,0
9,3,28745,36,-500,1
9,4,7173,9,-500,0
9,4,10341,13,-500,1
9,4,22363,28,-500,0
9,4,30348,38,-500,0
9,5,4019,5,-500,0
9,5,24024,30,-500,0
9,5,26402,33,-500,0
9,5,27987,35,-500,0
10,1,2473,3,-500,1
10,1,18138,22,-500,1
10,1,35522,43,-500,0
10,1,36330,44,-500,1
10,2,11499,14,-500,1
10,2,17207,21,-500,1
10,2,27936,34,-500,1
10,2,34605,42,-500,1
10,3,16397,20,-500,1
10,3,17198,21,-500,1
10,3,22135,27,-500,1
10,3,26310,32,-500,1
10,4,13065,16,-500,1
10,4,15506,19,-500,1
10,4,23890,29,-500,0
10,4,27152,33,-500,0
10,5,4948,6,-500,1
10,5,13291,16,-500,0
10,5,31778,38,-500,0
10,5,32579,39,-500,1
11,1,4088,5,-500,1
11,1,6558,8,-500,1
11,1,14078,17,-500,1
11,1,21420,26,-500,1
11,2,10701,13,-500,1
11,2,24587,30,-500,1
11,2,26205,32,-500,1
11,2,30254,37,-500,1
11,3,2403,3,-500,1
11,3,8083,10,-500,1
11,3,13721,17,-500,1
11,3,22715,28,-500,1
11,4,4073,5,-500,1
11,4,11394,14,-500,1
11,4,13808,17,-500,0
11,4,26835,33,-500,1
11,5,4070,5,-500,0
11,5,5726,7,-500,1
11,5,6547,8,-500,0
11,5,23531,29,-500,0
12,1,6586,8,-500,1
12,1,9953,12,-500,0
12,1,21590,26,-500,0
12,1,26544,32,-500,1
12,2,9166,11,-500,1
12,2,9977,12,-500,1
12,2,13310,16,-500,1
12,2,29709,36,-500,1
12,3,2532,3,-500,0
12,3,3334,4,-500,1
12,3,6559,8,-500,1
12,3,20372,25,-500,0
12,4,14087,17,-500,0
12,4,27874,34,-500,1
12,4,30333,37,-500,0
12,4,36031,44,-500,0
12,5,5646,7,-500,0
12,5,17790,22,-500,0
12,5,32573,40,-500,1
12,5,35845,44,-500,1
13,1,8981,11,-500,1
13,1,21225,26,-500,1
13,1,24543,30,-500,1
13,1,29423,36,-500,1
13,2,802,1,-500,1
13,2,1605,2,-500,1
13,2,4828,6,-500,1
13,2,25423,31,-500,1
13,3,22920,28,-500,1
13,3,24555,30,-500,0
13,3,29456,36,-500,1
13,3,31086,38,-500,1
13,4,5696,7,-500,1
13,4,6514,8,-500,0
13,4,20412,25,-500,1
13,4,23637,29,-500,0
13,5,1620,2,-500,1
13,5,17926,22,-500,1
13,5,25334,31,-500,1
13,5,29452,36,-500,1
1,1,24053,29,-400,1
1,1,34024,41,-400,0
1,1,34829,42,-400,1
1,1,36458,44,-400,1
1,2,803,1,-400,0
1,2,16609,20,-400,0
1,2,24014,29,-400,0
1,2,35406,43,-400,0
1,3,6431,8,-400,1
1,3,10509,13,-400,1
1,3,21906,27,-400,1
1,3,30017,37,-400,1
1,4,19505,24,-400,0
1,4,23612,29,-400,1
1,4,26028,32,-400,0
1,4,33333,41,-400,1
1,5,19909,24,-400,0
1,5,20705,25,-400,0
1,5,24329,29,-400,0
1,5,36659,44,-400,0
2,1,15042,17,-400,1
2,1,17531,20,-400,1
2,1,32410,38,-400,1
2,1,34930,41,-400,1
2,2,825,1,-400,1
2,2,3277,4,-400,1
2,2,20662,25,-400,1
2,2,29994,36,-400,1
2,3,9192,11,-400,0
2,3,14192,17,-400,1
2,3,20733,25,-400,0
2,3,28896,35,-400,1
2,4,8349,10,-400,1
2,4,13326,16,-400,0
2,4,23134,28,-400,1
2,4,33894,41,-400,1
2,5,5013,6,-400,1
2,5,6697,8,-400,1
2,5,14036,17,-400,1
2,5,23912,29,-400,0
3,1,6569,8,-400,1
3,1,15903,19,-400,1
3,1,24225,29,-400,1
3,1,29174,35,-400,1
3,2,5715,7,-400,1
3,2,7446,9,-400,1
3,2,17340,21,-400,1
3,2,27905,34,-400,1
3,3,5818,7,-400,1
3,3,8238,10,-400,1
3,3,13964,17,-400,1
3,3,15590,19,-400,1
3,4,7430,9,-400,1
3,4,21264,26,-400,1
3,4,22885,28,-400,1
3,4,34986,43,-400,1
3,5,813,1,-400,0
3,5,2466,3,-400,1
3,5,7293,9,-400,1
3,5,19463,24,-400,1
4,1,7138,9,-400,0
4,1,19199,24,-400,0
4,1,28767,36,-400,1
4,1,29559,37,-400,0
4,2,4796,6,-400,1
4,2,5599,7,-400,0
4,2,19257,24,-400,0
4,2,29675,37,-400,1
4,3,5572,7,-400,1
4,3,7161,9,-400,0
4,3,11188,14,-400,0
4,3,14390,18,-400,0
4,4,13555,17,-400,0
4,4,23216,29,-400,0
4,4,28899,36,-400,0
4,4,35347,44,-400,0
4,5,12790,16,-400,0
4,5,17642,22,-400,0
4,5,24152,30,-400,0
4,5,26559,33,-400,0
5,1,1662,2,-400,1
5,1,14846,18,-400,1
5,1,17354,21,-400,0
5,1,32575,39,-400,1
5,2,10088,12,-400,1
5,2,11748,14,-400,1
5,2,25221,30,-400,1
5,2,34367,41,-400,1
5,3,4129,5,-400,1
5,3,4966,6,-400,1
5,3,10672,13,-400,1
5,3,12350,15,-400,1
5,4,7351,9,-400,1
5,4,22953,28,-400,0
5,4,33545,41,-400,0
5,4,35230,43,-400,1
5,5,4865,6,-400,1
5,5,20506,25,-400,0
5,5,28715,35,-400,0
5,5,35281,43,-400,1
6,1,2837,3,-400,0
6,1,6913,8,-400,1
6,1,23403,28,-400,1
6,1,26617,32,-400,0
6,2,6514,8,-400,1
6,2,7319,9,-400,1
6,2,11366,14,-400,1
6,2,15452,19,-400,1
6,3,3191,4,-400,1
6,3,9655,12,-400,1
6,3,12073,15,-400,1
6,3,26630,33,-400,1
6,4,18593,23,-400,1
6,4,20989,26,-400,1
6,4,22624,28,-400,0
6,4,30711,38,-400,1
6,5,802,1,-400,1
6,5,3212,4,-400,1
6,5,4010,5,-400,1
6,5,21924,27,-400,0
7,1,2473,3,-400,1
7,1,7328,9,-400,1
7,1,18834,23,-400,1
7,1,19627,24,-400,1
7,2,8928,11,-400,1
7,2,11370,14,-400,1
7,2,33881,42,-400,0
7,2,35462,44,-400,1
7,3,13683,17,-400,1
7,3,14479,18,-400,1
7,3,30706,38,-400,1
7,3,34767,43,-400,1
7,4,1649,2,-400,1
7,4,2443,3,-400,1
7,4,4033,5,-400,1
7,4,13779,17,-400,1
7,5,2420,3,-400,1
7,5,20333,25,-400,1
7,5,30013,37,-400,1
7,5,33976,42,-400,0
8,1,20670,26,-400,1
8,1,22249,28,-400,1
8,1,27892,35,-400,1
8,1,31912,40,-400,1
8,2,1578,2,-400,1
8,2,11112,14,-400,1
8,2,24645,31,-400,1
8,2,34285,43,-400,1
8,3,11926,15,-400,1
8,3,23944,30,-400,1
8,3,25535,32,-400,1
8,3,26326,33,-400,1
8,4,3967,5,-400,1
8,4,8757,11,-400,1
8,4,20797,26,-400,1
8,4,25544,32,-400,1
8,5,3149,4,-400,1
8,5,14309,18,-400,1
8,5,15887,20,-400,1
8,5,24687,31,-400,1
9,1,10522,13,-400,0
9,1,16173,20,-400,0
9,1,29875,37,-400,1
9,1,33984,42,-400,1
9,2,19884,24,-400,1
9,2,26217,32,-400,0
9,2,28595,35,-400,0
9,2,31769,39,-400,0
9,3,10339,13,-400,1
9,3,11984,15,-400,1
9,3,21539,27,-400,0
9,3,30335,38,-400,0
9,4,1581,2,-400,0
9,4,5589,7,-400,0
9,4,19167,24,-400,1
9,4,21569,27,-400,0
9,5,791,1,-400,1
9,5,6396,8,-400,0
9,5,7982,10,-400,0
9,5,33565,42,-400,0
10,1,10669,13,-400,0
10,1,14845,18,-400,0
10,1,15655,19,-400,1
10,1,31440,38,-400,1
10,2,7390,9,-400,1
10,2,21292,26,-400,1
10,2,26281,32,-400,1
10,2,35415,43,-400,1
10,3,9837,12,-400,0
10,3,14778,18,-400,0
10,3,24630,30,-400,1
10,3,27938,34,-400,0
10,4,7331,9,-400,0
10,4,21465,26,-400,1
10,4,23079,28,-400,0
10,4,25525,31,-400,0
10,5,19909,24,-400,0
10,5,20705,25,-400,0
10,5,24329,29,-400,0
10,5,36659,44,-400,0
11,1,14886,18,-400,1
11,1,22236,27,-400,1
11,1,27146,33,-400,1
11,1,31160,38,-400,1
11,2,5807,7,-400,1
11,2,13962,17,-400,1
11,2,15574,19,-400,1
11,2,17225,21,-400,1
11,3,6431,8,-400,1
11,3,10509,13,-400,1
11,3,21906,27,-400,1
11,3,30017,37,-400,1
11,4,19505,24,-400,0
11,4,23612,29,-400,1
11,4,26028,32,-400,0
11,4,33333,41,-400,1
11,5,3274,4,-400,0
11,5,12172,15,-400,0
11,5,17043,21,-400,1
11,5,33369,41,-400,0
12,1,24053,29,-400,1
12,1,34024,41,-400,0
12,1,34829,42,-400,1
12,1,36458,44,-400,1
12,2,803,1,-400,0
12,2,16609,20,-400,0
12,2,24014,29,-400,0
12,2,35406,43,-400,0
12,3,13920,17,-400,1
12,3,18755,23,-400,1
12,3,22007,27,-400,1
12,3,27731,34,-400,0
12,4,2430,3,-400,0
12,4,3256,4,-400,0
12,4,10824,13,-400,0
12,4,26231,32,-400,0
12,5,799,1,-400,1
12,5,8065,10,-400,1
12,5,8892,11,-400,1
12,5,25095,31,-400,0
13,1,816,1,-400,0
13,1,12268,15,-400,1
13,1,13869,17,-400,1
13,1,22025,27,-400,1
13,2,11348,14,-400,1
13,2,12156,15,-400,0
13,2,26226,32,-400,1
13,2,27035,33,-400,0
13,3,17981,22,-400,1
13,3,19603,24,-400,0
13,3,26178,32,-400,1
13,3,31890,39,-400,1
13,4,2394,3,-400,1
13,4,8942,11,-400,0
13,4,13003,16,-400,0
13,4,29331,36,-400,1
13,5,5707,7,-400,1
13,5,8966,11,-400,1
13,5,30253,37,-400,1
13,5,35061,43,-400,1
1,1,4114,5,-200,1
1,1,9119,11,-200,1
1,1,22400,27,-200,1
1,1,33189,40,-200,1
1,2,11621,14,-200,0
1,2,14134,17,-200,0
1,2,24821,30,-200,0
1,2,36225,44,-200,0
1,3,5625,7,-200,0
1,3,24371,30,-200,1
1,3,28405,35,-200,1
1,3,29226,36,-200,0
1,4,8168,10,-200,1
1,4,28503,35,-200,0
1,4,30917,38,-200,0
1,4,31728,39,-200,0
1,5,4140,5,-200,0
1,5,8260,10,-200,0
1,5,15770,19,-200,0
1,5,16627,20,-200,1
2,1,1649,2,-200,1
2,1,7344,9,-200,1
2,1,11376,14,-200,1
2,1,16723,19,-200,0
2,2,10768,13,-200,1
2,2,18126,22,-200,1
2,2,31624,38,-200,0
2,2,33298,40,-200,1
2,3,843,1,-200,1
2,3,3336,4,-200,1
2,3,10012,12,-200,0
2,3,30540,37,-200,0
2,4,7526,9,-200,1
2,4,12506,15,-200,1
2,4,16561,20,-200,0
2,4,22323,27,-200,0
2,5,15654,19,-200,0
2,5,28874,35,-200,1
2,5,29685,36,-200,0
2,5,31323,38,-200,1
3,1,4898,6,-200,1
3,1,7370,9,-200,1
3,1,12621,15,-200,1
3,1,23416,28,-200,1
3,2,10731,13,-200,1
3,2,12411,15,-200,1
3,2,25447,31,-200,0
3,2,36245,44,-200,1
3,3,5015,6,-200,0
3,3,22139,27,-200,0
3,3,23818,29,-200,1
3,3,29475,36,-200,1
3,4,9834,12,-200,1
3,4,12242,15,-200,1
3,4,24492,30,-200,1
3,4,34191,42,-200,1
3,5,25164,31,-200,0
3,5,29240,36,-200,1
3,5,34102,42,-200,0
3,5,34905,43,-200,0
4,1,4757,6,-200,1
4,1,12707,16,-200,1
4,1,25584,32,-200,1
4,1,27965,35,-200,1
4,2,808,1,-200,0
4,2,15999,20,-200,0
4,2,25644,32,-200,0
4,2,33721,42,-200,0
4,3,2388,3,-200,0
4,3,4776,6,-200,0
4,3,10398,13,-200,0
4,3,32104,40,-200,0
4,4,7181,9,-200,1
4,4,16742,21,-200,0
4,4,25654,32,-200,0
4,4,27253,34,-200,0
4,5,5566,7,-200,0
4,5,8742,11,-200,0
4,5,13587,17,-200,0
4,5,20029,25,-200,0
5,1,2483,3,-200,1
5,1,7419,9,-200,0
5,1,27521,33,-200,1
5,1,28345,34,-200,0
5,2,819,1,-200,0
5,2,6784,8,-200,0
5,2,18542,22,-200,1
5,2,31071,37,-200,0
5,3,8255,10,-200,0
5,3,9063,11,-200,1
5,3,22195,27,-200,1
5,3,36066,44,-200,0
5,4,5718,7,-200,0
5,4,10593,13,-200,0
5,4,21318,26,-200,1
5,4,31923,39,-200,1
5,5,807,1,-200,1
5,5,1620,2,-200,0
5,5,8114,10,-200,0
5,5,25462,31,-200,1
6,1,7714,9,-200,1
6,1,14225,17,-200,1
6,1,20964,25,-200,0
6,1,31482,38,-200,1
6,2,9736,12,-200,1
6,2,13777,17,-200,1
6,2,23538,29,-200,0
6,2,34965,43,-200,1
6,3,3992,5,-200,1
6,3,11273,14,-200,0
6,3,17697,22,-200,1
6,3,24168,30,-200,1
6,4,3219,4,-200,1
6,4,8902,11,-200,1
6,4,26698,33,-200,1
6,4,32312,40,-200,1
6,5,11361,14,-200,1
6,5,12167,15,-200,1
6,5,15360,19,-200,1
6,5,23530,29,-200,1
7,1,5717,7,-200,0
7,1,10529,13,-200,1
7,1,12127,15,-200,1
7,1,34992,43,-200,1
7,2,4017,5,-200,1
7,2,29134,36,-200,1
7,2,30729,38,-200,0
7,2,33092,41,-200,1
7,3,3240,4,-200,1
7,3,12074,15,-200,1
7,3,18534,23,-200,0
7,3,28253,35,-200,1
7,4,4831,6,-200,1
7,4,16204,20,-200,1
7,4,24302,30,-200,1
7,4,27489,34,-200,1
7,5,5670,7,-200,1
7,5,17911,22,-200,1
7,5,25179,31,-200,1
7,5,26797,33,-200,1
8,1,2366,3,-200,0
8,1,3157,4,-200,1
8,1,14354,18,-200,1
8,1,19880,25,-200,0
8,2,2367,3,-200,1
8,2,20585,26,-200,1
8,2,22159,28,-200,1
8,2,30256,38,-200,0
8,3,787,1,-200,0
8,3,4735,6,-200,0
8,3,29487,37,-200,1
8,3,35101,44,-200,0
8,4,23174,29,-200,0
8,4,29490,37,-200,0
8,4,31070,39,-200,0
8,4,35077,44,-200,0
8,5,1572,2,-200,1
8,5,6331,8,-200,1
8,5,12731,16,-200,0
8,5,32670,41,-200,1
9,1,4902,6,-200,1
9,1,8911,11,-200,1
9,1,11322,14,-200,0
9,1,19433,24,-200,0
9,2,4444,5,-200,0
9,2,21468,26,-200,0
9,2,25426,31,-200,0
9,2,33352,41,-200,0
9,3,19105,24,-200,0
9,3,23972,30,-200,0
9,3,29537,37,-200,0
9,3,32778,41,-200,1
9,4,7966,10,-200,0
9,4,8756,11,-200,0
9,4,24739,31,-200,0
9,4,35187,44,-200,0
9,5,5603,7,-200,0
9,5,16892,21,-200,0
9,5,20066,25,-200,0
9,5,23233,29,-200,0
10,1,7350,9,-200,1
10,1,13156,16,-200,1
10,1,19793,24,-200,1
10,1,21430,26,-200,1
10,2,4086,5,-200,1
10,2,20475,25,-200,1
10,2,27125,33,-200,0
10,2,31244,38,-200,1
10,3,3244,4,-200,1
10,3,5689,7,-200,1
10,3,11512,14,-200,0
10,3,21320,26,-200,1
10,4,5666,7,-200,1
10,4,20663,25,-200,0
10,4,31374,38,-200,0
10,4,33776,41,-200,1
10,5,4140,5,-200,0
10,5,8260,10,-200,0
10,5,15770,19,-200,0
10,5,16627,20,-200,1
11,1,12402,15,-200,1
11,1,15708,19,-200,1
11,1,16524,20,-200,1
11,1,31971,39,-200,1
11,2,6639,8,-200,0
11,2,11508,14,-200,1
11,2,21270,26,-200,1
11,2,27822,34,-200,1
11,3,5625,7,-200,0
11,3,24371,30,-200,1
11,3,28405,35,-200,1
11,3,29226,36,-200,0
11,4,8168,10,-200,1
11,4,28503,35,-200,0
11,4,30917,38,-200,0
11,4,31728,39,-200,0
11,5,17848,22,-200,0
11,5,20262,25,-200,1
11,5,24337,30,-200,0
11,5,32563,40,-200,0
12,1,4114,5,-200,1
12,1,9119,11,-200,1
12,1,22400,27,-200,1
12,1,33189,40,-200,1
12,2,11621,14,-200,0
12,2,14134,17,-200,0
12,2,24821,30,-200,0
12,2,36225,44,-200,0
12,3,5754,7,-200,0
12,3,8992,11,-200,0
12,3,13119,16,-200,0
12,3,28529,35,-200,0
12,4,5773,7,-200,0
12,4,11634,14,-200,1
12,4,16499,20,-200,0
12,4,18915,23,-200,0
12,5,9691,12,-200,0
12,5,16989,21,-200,0
12,5,26762,33,-200,0
12,5,34234,42,-200,0
13,1,3266,4,-200,1
13,1,4911,6,-200,1
13,1,7361,9,-200,1
13,1,22827,28,-200,1
13,2,4016,5,-200,1
13,2,6454,8,-200,1
13,2,31135,38,-200,1
13,2,33607,41,-200,1
13,3,10649,13,-200,1
13,3,13872,17,-200,1
13,3,32702,40,-200,1
13,3,36019,44,-200,1
13,4,21212,26,-200,1
13,4,22812,28,-200,1
13,4,25246,31,-200,0
13,4,30934,38,-200,1
13,5,12226,15,-200,1
13,5,14724,18,-200,0
13,5,27772,34,-200,1
13,5,33460,41,-200,0
1,1,14156,17,100,1
1,1,19132,23,100,0
1,1,28163,34,100,0
1,1,30653,37,100,0
1,2,3325,4,100,1
1,2,7510,9,100,0
1,2,8352,10,100,0
1,2,30503,37,100,0
1,3,803,1,100,0
1,3,20294,25,100,0
1,3,21096,26,100,0
1,3,25982,32,100,0
1,4,5693,7,100,0
1,4,16229,20,100,0
1,4,20316,25,100,0
1,4,24419,30,100,0
1,5,798,1,100,0
1,5,2481,3,100,0
1,5,9862,12,100,0
1,5,11524,14,100,0
2,1,5714,7,100,0
2,1,9762,12,100,0
2,1,25838,30,100,0
2,1,35749,42,100,1
2,2,4930,6,100,1
2,2,9949,12,100,0
2,2,17308,21,100,1
2,2,35766,43,100,1
2,3,4148,5,100,0
2,3,21563,26,100,0
2,3,33038,40,100,1
2,3,33857,41,100,0
2,4,1630,2,100,1
2,4,18208,22,100,1
2,4,19850,24,100,0
2,4,21480,26,100,1
2,5,9145,11,100,0
2,5,11566,14,100,0
2,5,21463,26,100,1
2,5,26382,32,100,0
3,1,4095,5,100,1
3,1,13432,16,100,1
3,1,28342,34,100,0
3,1,31664,38,100,0
3,2,13235,16,100,0
3,2,18978,23,100,0
3,2,23003,28,100,1
3,2,33716,41,100,1
3,3,6631,8,100,0
3,3,11539,14,100,1
3,3,16391,20,100,0
3,3,20496,25,100,1
3,4,3336,4,100,1
3,4,5740,7,100,0
3,4,23689,29,100,0
3,4,33389,41,100,0
3,5,5686,7,100,1
3,5,11345,14,100,0
3,5,21936,27,100,0
3,5,23556,29,100,0
4,1,11118,14,100,0
4,1,14313,18,100,0
4,1,15953,20,100,1
4,1,32811,41,100,1
4,2,6390,8,100,0
4,2,16793,21,100,0
4,2,27230,34,100,0
4,2,31261,39,100,0
4,3,1597,2,100,0
4,3,16808,21,100,0
4,3,23248,29,100,0
4,3,26488,33,100,0
4,4,5592,7,100,0
4,4,11166,14,100,0
4,4,20017,25,100,0
4,4,31287,39,100,0
4,5,6358,8,100,0
4,5,15175,19,100,0
4,5,28156,35,100,0
4,5,28957,36,100,0
5,1,4955,6,100,0
5,1,19918,24,100,0
5,1,24913,30,100,0
5,1,35927,43,100,0
5,2,9262,11,100,0
5,2,12581,15,100,0
5,2,24396,29,100,0
5,2,36020,43,100,0
5,3,9868,12,100,0
5,3,13168,16,100,0
5,3,24671,30,100,0
5,3,29515,36,100,0
5,4,9786,12,100,0
5,4,18832,23,100,0
5,4,25375,31,100,0
5,4,27827,34,100,0
5,5,2427,3,100,0
5,5,16382,20,100,0
5,5,22146,27,100,0
5,5,31959,39,100,0
6,1,3638,4,100,1
6,1,11828,14,100,1
6,1,27419,33,100,1
6,1,29032,35,100,0
6,2,803,1,100,0
6,2,12171,15,100,1
6,2,30024,37,100,1
6,2,32545,40,100,1
6,3,2400,3,100,1
6,3,4800,6,100,0
6,3,29839,37,100,1
6,3,35550,44,100,1
6,4,11319,14,100,0
6,4,12130,15,100,1
6,4,13729,17,100,1
6,4,14531,18,100,0
6,5,10556,13,100,1
6,5,21123,26,100,0
6,5,25952,32,100,1
6,5,30014,37,100,0
7,1,4087,5,100,0
7,1,20426,25,100,1
7,1,23617,29,100,1
7,1,26035,32,100,1
7,2,3224,4,100,1
7,2,8116,10,100,1
7,2,25924,32,100,1
7,2,32297,40,100,1
7,3,6488,8,100,0
7,3,7282,9,100,1
7,3,15275,19,100,1
7,3,20208,25,100,1
7,4,10552,13,100,1
7,4,11349,14,100,0
7,4,14590,18,100,1
7,4,34860,43,100,0
7,5,806,1,100,0
7,5,10518,13,100,0
7,5,15447,19,100,1
7,5,29216,36,100,0
8,1,1579,2,100,1
8,1,6344,8,100,0
8,1,27101,34,100,0
8,1,34278,43,100,1
8,2,7954,10,100,0
8,2,17424,22,100,0
8,2,21373,27,100,0
8,2,25435,32,100,0
8,3,1577,2,100,1
8,3,6313,8,100,0
8,3,12717,16,100,0
8,3,27908,35,100,0
8,4,1578,2,100,0
8,4,10334,13,100,1
8,4,12760,16,100,1
8,4,20009,25,100,0
8,5,7936,10,100,1
8,5,26268,33,100,0
8,5,29510,37,100,1
8,5,31879,40,100,0
9,1,3295,4,100,0
9,1,20234,25,100,0
9,1,21033,26,100,0
9,1,27454,34,100,0
9,2,3647,4,100,0
9,2,16632,20,100,0
9,2,30182,37,100,0
9,2,34937,43,100,0
9,3,1582,2,100,0
9,3,12776,16,100,0
9,3,16731,21,100,0
9,3,27137,34,100,0
9,4,2366,3,100,0
9,4,11133,14,100,0
9,4,16791,21,100,0
9,4,27911,35,100,0
9,5,20859,26,100,0
9,5,25611,32,100,0
9,5,31182,39,100,0
9,5,31976,40,100,0
10,1,5731,7,100,0
10,1,20603,25,100,1
10,1,28939,35,100,0
10,1,30620,37,100,1
10,2,2486,3,100,1
10,2,16392,20,100,1
10,2,19651,24,100,1
10,2,30442,37,100,1
10,3,4877,6,100,0
10,3,6515,8,100,0
10,3,23822,29,100,1
10,3,32926,40,100,0
10,4,4853,6,100,1
10,4,9788,12,100,1
10,4,16357,20,100,0
10,4,22270,27,100,0
10,5,798,1,100,0
10,5,2481,3,100,0
10,5,9862,12,100,0
10,5,11524,14,100,0
11,1,3258,4,100,0
11,1,7371,9,100,0
11,1,34406,42,100,0
11,1,35214,43,100,1
11,2,19656,24,100,0
11,2,29449,36,100,0
11,2,31061,38,100,0
11,2,34339,42,100,0
11,3,803,1,100,0
11,3,20294,25,100,0
11,3,21096,26,100,0
11,3,25982,32,100,0
11,4,5693,7,100,0
11,4,16229,20,100,0
11,4,20316,25,100,0
11,4,24419,30,100,0
11,5,9748,12,100,0
11,5,15444,19,100,0
11,5,21064,26,100,0
11,5,35786,44,100,0
12,1,14156,17,100,1
12,1,19132,23,100,0
12,1,28163,34,100,0
12,1,30653,37,100,0
12,2,3325,4,100,1
12,2,7510,9,100,0
12,2,8352,10,100,0
12,2,30503,37,100,0
12,3,799,1,100,0
12,3,4952,6,100,1
12,3,9797,12,100,0
12,3,21166,26,100,0
12,4,15697,19,100,0
12,4,24630,30,100,0
12,4,31130,38,100,0
12,4,32735,40,100,0
12,5,12116,15,100,0
12,5,12914,16,100,0
12,5,30887,38,100,1
12,5,35035,43,100,0
13,1,2450,3,100,0
13,1,17139,21,100,1
13,1,35275,43,100,1
13,1,36075,44,100,1
13,2,2408,3,100,1
13,2,15500,19,100,1
13,2,23787,29,100,1
13,2,24590,30,100,0
13,3,7416,9,100,1
13,3,8212,10,100,1
13,3,16365,20,100,0
13,3,25366,31,100,1
13,4,10561,13,100,0
13,4,14634,18,100,1
13,4,31732,39,100,1
13,4,34949,43,100,1
13,5,10617,13,100,1
13,5,15525,19,100,1
13,5,16325,20,100,1
13,5,19530,24,100,1
1,1,831,1,500,1
1,1,2488,3,500,1
1,1,10791,13,500,0
1,1,25724,31,500,0
1,2,4172,5,500,0
1,2,18256,22,500,0
1,2,22375,27,500,0
1,2,31326,38,500,0
1,3,8910,11,500,0
1,3,19480,24,500,0
1,3,34121,42,500,0
1,3,35760,44,500,0
1,4,2461,3,500,0
1,4,10589,13,500,0
1,4,29328,36,500,0
1,4,34154,42,500,0
1,5,3333,4,500,0
1,5,7437,9,500,0
1,5,12427,15,500,0
1,5,14938,18,500,0
2,1,2479,3,500,0
2,1,30747,36,500,0
2,1,31596,37,500,0
2,1,37397,44,500,0
2,2,4113,5,500,0
2,2,18967,23,500,0
2,2,23275,28,500,0
2,2,32480,39,500,0
2,3,1684,2,500,0
2,3,8350,10,500,0
2,3,17475,21,500,0
2,3,19103,23,500,0
2,4,5005,6,500,0
2,4,9211,11,500,0
2,4,28028,34,500,0
2,4,28863,35,500,0
2,5,887,1,500,0
2,5,20662,25,500,0
2,5,28057,34,500,0
2,5,34596,42,500,0
3,1,15088,18,500,0
3,1,21772,26,500,0
3,1,22614,27,500,0
3,1,30849,37,500,0
3,2,4912,6,500,1
3,2,15713,19,500,0
3,2,18171,22,500,0
3,2,27107,33,500,0
3,3,847,1,500,0
3,3,1681,2,500,0
3,3,14788,18,500,0
3,3,18824,23,500,0
3,4,831,1,500,0
3,4,1665,2,500,0
3,4,19647,24,500,0
3,4,32589,40,500,0
3,5,9727,12,500,0
3,5,17869,22,500,0
3,5,25987,32,500,0
3,5,35730,44,500,0
4,1,13519,17,500,0
4,1,21607,27,500,0
4,1,32019,40,500,0
4,1,33636,42,500,0
4,2,1624,2,500,0
4,2,13607,17,500,0
4,2,17610,22,500,0
4,2,20086,25,500,0
4,3,8786,11,500,0
4,3,9605,12,500,0
4,3,13592,17,500,0
4,3,21656,27,500,0
4,4,827,1,500,0
4,4,18417,23,500,0
4,4,21624,27,500,0
4,4,34551,43,500,0
4,5,11204,14,500,0
4,5,16848,21,500,0
4,5,20850,26,500,0
4,5,24969,31,500,0
5,1,848,1,500,0
5,1,11557,14,500,0
5,1,15689,19,500,0
5,1,30912,37,500,0
5,2,5114,6,500,0
5,2,14331,17,500,0
5,2,21911,26,500,0
5,2,33551,40,500,0
5,3,828,1,500,0
5,3,6613,8,500,0
5,3,18133,22,500,0
5,3,21395,26,500,0
5,4,13857,17,500,0
5,4,16369,20,500,0
5,4,17201,21,500,0
5,4,27015,33,500,0
5,5,13086,16,500,0
5,5,21334,26,500,0
5,5,23787,29,500,0
5,5,36113,44,500,0
6,1,1648,2,500,1
6,1,11026,13,500,0
6,1,21795,26,500,0
6,1,30674,37,500,0
6,2,4851,6,500,1
6,2,10564,13,500,1
6,2,14625,18,500,0
6,2,20305,25,500,0
6,3,12894,16,500,1
6,3,22569,28,500,1
6,3,29045,36,500,0
6,3,30706,38,500,1
6,4,820,1,500,0
6,4,21822,27,500,1
6,4,33138,41,500,0
6,4,34770,43,500,1
6,5,5712,7,500,1
6,5,7336,9,500,0
6,5,19463,24,500,1
6,5,33261,41,500,1
7,1,4907,6,500,0
7,1,14648,18,500,0
7,1,30144,37,500,1
7,1,33369,41,500,0
7,2,835,1,500,0
7,2,13787,17,500,0
7,2,18642,23,500,0
7,2,22713,28,500,1
7,3,5656,7,500,0
7,3,12893,16,500,0
7,3,21039,26,500,0
7,3,25857,32,500,1
7,4,6443,8,500,0
7,4,17017,21,500,1
7,4,17836,22,500,1
7,4,19478,24,500,0
7,5,8101,10,500,1
7,5,9724,12,500,0
7,5,21948,27,500,0
7,5,23574,29,500,0
8,1,4764,6,500,0
8,1,28704,36,500,0
8,1,30309,38,500,0
8,1,31120,39,500,1
8,2,28676,36,500,0
8,2,31075,39,500,0
8,2,31893,40,500,0
8,2,33496,42,500,0
8,3,7918,10,500,0
8,3,17541,22,500,0
8,3,20786,26,500,0
8,3,34312,43,500,0
8,4,3180,4,500,0
8,4,6360,8,500,0
8,4,7173,9,500,1
8,4,17525,22,500,0
8,5,3966,5,500,0
8,5,7145,9,500,0
8,5,28722,36,500,0
8,5,35063,44,500,0
9,1,2493,3,500,0
9,1,14560,18,500,0
9,1,25053,31,500,0
9,1,28279,35,500,0
9,2,6881,8,500,0
9,2,10140,12,500,0
9,2,14188,17,500,0
9,2,19090,23,500,0
9,3,3981,5,500,0
9,3,8757,11,500,0
9,3,27954,35,500,0
9,3,33597,42,500,0
9,4,11950,15,500,0
9,4,14354,18,500,0
9,4,19987,25,500,0
9,4,31960,40,500,0
9,5,10442,13,500,0
9,5,11261,14,500,0
9,5,12930,16,500,0
9,5,28804,36,500,0
10,1,851,1,500,0
10,1,16489,20,500,0
10,1,23941,29,500,0
10,1,28117,34,500,1
10,2,22934,28,500,0
10,2,25456,31,500,0
10,2,29622,36,500,0
10,2,32961,40,500,0
10,3,1623,2,500,0
10,3,4073,5,500,0
10,3,33774,41,500,0
10,3,35505,43,500,0
10,4,6519,8,500,0
10,4,8156,10,500,0
10,4,12233,15,500,0
10,4,28008,34,500,0
10,5,3333,4,500,0
10,5,7437,9,500,0
10,5,12427,15,500,0
10,5,14938,18,500,0
11,1,8223,10,500,0
11,1,11589,14,500,1
11,1,18152,22,500,0
11,1,19804,24,500,0
11,2,13160,16,500,1
11,2,28649,35,500,0
11,2,31892,39,500,0
11,2,36034,44,500,0
11,3,8910,11,500,0
11,3,19480,24,500,0
11,3,34121,42,500,0
11,3,35760,44,500,0
11,4,2461,3,500,0
11,4,10589,13,500,0
11,4,29328,36,500,0
11,4,34154,42,500,0
11,5,4921,6,500,0
11,5,13830,17,500,0
11,5,27695,34,500,0
11,5,29333,36,500,0
12,1,831,1,500,1
12,1,2488,3,500,1
12,1,10791,13,500,0
12,1,25724,31,500,0
12,2,4172,5,500,0
12,2,18256,22,500,0
12,2,22375,27,500,0
12,2,31326,38,500,0
12,3,8191,10,500,0
12,3,10620,13,500,0
12,3,23640,29,500,0
12,3,30966,38,500,0
12,4,6624,8,500,0
12,4,9170,11,500,0
12,4,10007,12,500,0
12,4,27060,33,500,0
12,5,1624,2,500,0
12,5,18616,23,500,0
12,5,19442,24,500,0
12,5,27594,34,500,0
13,1,15522,19,500,0
13,1,19566,24,500,0
13,1,23732,29,500,1
13,1,30253,37,500,1
13,2,5657,7,500,0
13,2,8902,11,500,1
13,2,9732,12,500,0
13,2,17163,21,500,0
13,3,2486,3,500,0
13,3,9037,11,500,0
13,3,14698,18,500,1
13,3,30282,37,500,0
13,4,12203,15,500,0
13,4,13833,17,500,1
13,4,17105,21,500,0
13,4,18795,23,500,0
13,5,3269,4,500,1
13,5,13062,16,500,1
13,5,13902,17,500,0
13,5,26157,32,500,0
1,1,7475,9,1000,0
1,1,13309,16,1000,0
1,1,29031,35,1000,0
1,1,31529,38,1000,0
1,2,1678,2,1000,0
1,2,5875,7,1000,0
1,2,12504,15,1000,0
1,2,26488,32,1000,0
1,3,7281,9,1000,0
1,3,17840,22,1000,0
1,3,23567,29,1000,0
1,3,31682,39,1000,0
1,4,7355,9,1000,0
1,4,17895,22,1000,0
1,4,22818,28,1000,0
1,4,27699,34,1000,0
1,5,10727,13,1000,0
1,5,17501,21,1000,0
1,5,21599,26,1000,0
1,5,35858,43,1000,0
2,1,19204,22,1000,0
2,1,20882,24,1000,0
2,1,22554,26,1000,0
2,1,34123,40,1000,0
2,2,7423,9,1000,0
2,2,8293,10,1000,0
2,2,19839,24,1000,0
2,2,24149,29,1000,0
2,3,6687,8,1000,0
2,3,12544,15,1000,0
2,3,32227,39,1000,0
2,3,36347,44,1000,0
2,4,2501,3,1000,0
2,4,6693,8,1000,0
2,4,31450,38,1000,0
2,4,34757,42,1000,0
2,5,18958,23,1000,0
2,5,19819,24,1000,0
2,5,25575,31,1000,0
2,5,36267,44,1000,0
3,1,1656,2,1000,0
3,1,18431,22,1000,0
3,1,19300,23,1000,0
3,1,35826,43,1000,0
3,2,6615,8,1000,0
3,2,30422,37,1000,0
3,2,34575,42,1000,0
3,2,35440,43,1000,0
3,3,9915,12,1000,0
3,3,19686,24,1000,0
3,3,23016,28,1000,0
3,3,34471,42,1000,0
3,4,6607,8,1000,0
3,4,16352,20,1000,0
3,4,18017,22,1000,0
3,4,26951,33,1000,0
3,5,1669,2,1000,0
3,5,13026,16,1000,0
3,5,20323,25,1000,0
3,5,32498,40,1000,0
4,1,15165,19,1000,0
4,1,18401,23,1000,0
4,1,30408,38,1000,0
4,1,35283,44,1000,0
4,2,8831,11,1000,0
4,2,18464,23,1000,0
4,2,28883,36,1000,0
4,2,32113,40,1000,0
4,3,15246,19,1000,0
4,3,17660,22,1000,0
4,3,24895,31,1000,0
4,3,28137,35,1000,0
4,4,17594,22,1000,0
4,4,24065,30,1000,0
4,4,28104,35,1000,0
4,4,32138,40,1000,0
4,5,10387,13,1000,0
4,5,16027,20,1000,0
4,5,21703,27,1000,0
4,5,22555,28,1000,0
5,1,18245,22,1000,0
5,1,24084,29,1000,0
5,1,26694,32,1000,0
5,1,29237,35,1000,0
5,2,3369,4,1000,0
5,2,4259,5,1000,0
5,2,13472,16,1000,0
5,2,16044,19,1000,0
5,3,11541,14,1000,0
5,3,15663,19,1000,0
5,3,23866,29,1000,0
5,3,31178,38,1000,0
5,4,14723,18,1000,0
5,4,20511,25,1000,0
5,4,29511,36,1000,0
5,4,34422,42,1000,0
5,5,10605,13,1000,0
5,5,18078,22,1000,0
5,5,24652,30,1000,0
5,5,33649,41,1000,0
6,1,6106,7,1000,0
6,1,8576,10,1000,0
6,1,15085,18,1000,0
6,1,19339,23,1000,0
6,2,5717,7,1000,0
6,2,27611,34,1000,0
6,2,30884,38,1000,1
6,2,31744,39,1000,1
6,3,8859,11,1000,0
6,3,21745,27,1000,0
6,3,25033,31,1000,0
6,3,34746,43,1000,0
6,4,5692,7,1000,0
6,4,16191,20,1000,1
6,4,25084,31,1000,0
6,4,35626,44,1000,1
6,5,4877,6,1000,0
6,5,16217,20,1000,0
6,5,20318,25,1000,1
6,5,26811,33,1000,0
7,1,874,1,1000,0
7,1,12998,16,1000,0
7,1,15561,19,1000,0
7,1,29307,36,1000,0
7,2,6469,8,1000,0
7,2,7322,9,1000,0
7,2,10573,13,1000,1
7,2,19492,24,1000,0
7,3,16927,21,1000,0
7,3,19387,24,1000,0
7,3,29914,37,1000,0
7,3,33177,41,1000,0
7,4,852,1,1000,0
7,4,28341,35,1000,0
7,4,31633,39,1000,0
7,4,35714,44,1000,1
7,5,4872,6,1000,0
7,5,12181,15,1000,1
7,5,13039,16,1000,1
7,5,16302,20,1000,0
8,1,11925,15,1000,0
8,1,13562,17,1000,0
8,1,24673,31,1000,0
8,1,25522,32,1000,0
8,2,4006,5,1000,0
8,2,23006,29,1000,0
8,2,23856,30,1000,0
8,2,27862,35,1000,0
8,3,9554,12,1000,0
8,3,14350,18,1000,0
8,3,19971,25,1000,0
8,3,31921,40,1000,0
8,4,11180,14,1000,0
8,4,18374,23,1000,0
8,4,19218,24,1000,0
8,4,33496,42,1000,0
8,5,8784,11,1000,0
8,5,20682,26,1000,0
8,5,21531,27,1000,0
8,5,27118,34,1000,0
9,1,865,1,1000,0
9,1,17033,21,1000,0
9,1,32326,40,1000,0
9,1,33183,41,1000,0
9,2,8528,10,1000,0
9,2,10989,13,1000,0
9,2,15833,19,1000,0
9,2,18275,22,1000,0
9,3,11192,14,1000,0
9,3,19954,25,1000,0
9,3,22388,28,1000,0
9,3,31188,39,1000,0
9,4,4795,6,1000,0
9,4,15207,19,1000,0
9,4,29556,37,1000,0
9,4,32812,41,1000,0
9,5,1641,2,1000,0
9,5,8833,11,1000,0
9,5,12114,15,1000,0
9,5,34417,43,1000,0
10,1,9855,12,1000,0
10,1,11527,14,1000,0
10,1,23108,28,1000,0
10,1,26447,32,1000,0
10,2,855,1,1000,0
10,2,4967,6,1000,1
10,2,9865,12,1000,0
10,2,32117,39,1000,0
10,3,9003,11,1000,0
10,3,10705,13,1000,0
10,3,25508,31,1000,0
10,3,31306,38,1000,0
10,4,17213,21,1000,0
10,4,19804,24,1000,0
10,4,28864,35,1000,0
10,4,29733,36,1000,0
10,5,10727,13,1000,0
10,5,17501,21,1000,0
10,5,21599,26,1000,0
10,5,35858,43,1000,0
11,1,9892,12,1000,0
11,1,10765,13,1000,0
11,1,13267,16,1000,0
11,1,25531,31,1000,0
11,2,2502,3,1000,0
11,2,4168,5,1000,0
11,2,22142,27,1000,0
11,2,35201,43,1000,0
11,3,7281,9,1000,0
11,3,17840,22,1000,0
11,3,23567,29,1000,0
11,3,31682,39,1000,0
11,4,7355,9,1000,0
11,4,17895,22,1000,0
11,4,22818,28,1000,0
11,4,27699,34,1000,0
11,5,848,1,1000,0
11,5,21928,27,1000,0
11,5,26006,32,1000,0
11,5,26870,33,1000,0
12,1,7475,9,1000,0
12,1,13309,16,1000,0
12,1,29031,35,1000,0
12,1,31529,38,1000,0
12,2,1678,2,1000,0
12,2,5875,7,1000,0
12,2,12504,15,1000,0
12,2,26488,32,1000,0
12,3,1691,2,1000,0
12,3,12312,15,1000,0
12,3,25302,31,1000,0
12,3,35117,43,1000,0
12,4,4961,6,1000,0
12,4,8325,10,1000,0
12,4,22197,27,1000,0
12,4,29534,36,1000,0
12,5,25959,32,1000,0
12,5,30075,37,1000,0
12,5,31763,39,1000,0
12,5,33433,41,1000,0
13,1,11465,14,1000,0
13,1,20424,25,1000,0
13,1,27802,34,1000,0
13,1,33641,41,1000,0
13,2,13873,17,1000,1
13,2,18824,23,1000,0
13,2,20513,25,1000,1
13,2,30332,37,1000,0
13,3,848,1,1000,1
13,3,15560,19,1000,1
13,3,21306,26,1000,0
13,3,34390,42,1000,0
13,4,3279,4,1000,0
13,4,17967,22,1000,1
13,4,26107,32,1000,0
13,4,35807,44,1000,0
13,5,6570,8,1000,0
13,5,20392,25,1000,1
13,5,22106,27,1000,0
13,5,28648,35,1000,1